[root@ip-172-31-18-121 bin]# ls
bootstrap.jar       ciphers.sh                    daemon.sh     setclasspath.bat  startup.sh            version.bat
catalina-tasks.xml  commons-daemon-native.tar.gz  digest.bat    setclasspath.sh   tomcat-juli.jar       version.sh
catalina.bat        commons-daemon.jar            digest.sh     shutdown.bat      tomcat-native.tar.gz
catalina.sh         configtest.bat                makebase.bat  shutdown.sh       tool-wrapper.bat
ciphers.bat         configtest.sh                 makebase.sh   startup.bat       tool-wrapper.sh
[root@ip-172-31-18-121 bin]# ./catalina.sh start
Using CATALINA_BASE:   /opt/apache
Using CATALINA_HOME:   /opt/apache
Using CATALINA_TMPDIR: /opt/apache/temp
Using JRE_HOME:        /usr
Using CLASSPATH:       /opt/apache/bin/bootstrap.jar:/opt/apache/bin/tomcat-juli.jar
Using CATALINA_OPTS:   
Tomcat started.
[root@ip-172-31-18-121 bin]# cd ..
[root@ip-172-31-18-121 apache]# ls
BUILDING.txt     LICENSE  README.md      RUNNING.txt  conf  logs  webapps
CONTRIBUTING.md  NOTICE   RELEASE-NOTES  bin          lib   temp  work
[root@ip-172-31-18-121 apache]# ls
BUILDING.txt     LICENSE  README.md      RUNNING.txt  conf  logs  webapps
CONTRIBUTING.md  NOTICE   RELEASE-NOTES  bin          lib   temp  work
[root@ip-172-31-18-121 apache]# cd conf/
[root@ip-172-31-18-121 conf]# ls
Catalina         catalina.properties  jaspic-providers.xml  logging.properties  tomcat-users.xml  web.xml
catalina.policy  context.xml          jaspic-providers.xsd  server.xml          tomcat-users.xsd
[root@ip-172-31-18-121 conf]# vim tomcat-users.xml 
[root@ip-172-31-18-121 conf]# vim tomcat-users.xml 







    - manager-status - allows access to the status pages only

  The users below are wrapped in a comment and are therefore ignored. If you
  wish to configure one or more of these users for use with the manager web
  application, do not forget to remove the <!.. ..> that surrounds them. You
  will also need to set the passwords to something appropriate.
-->
<!--
  <user username="admin" password="<must-be-changed>" roles="manager-gui"/>
  <user username="robot" password="<must-be-changed>" roles="manager-script"/>
-->
<!--
  The sample user and role entries below are intended for use with the
  examples web application. They are wrapped in a comment and thus are ignored
  when reading this file. If you wish to configure these users for use with the
  examples web application, do not forget to remove the <!.. ..> that surrounds
  them. You will also need to set the passwords to something appropriate.
-->
<!--
  <role rolename="tomcat"/>
  <role rolename="role1"/>
  <user username="tomcat" password="<must-be-changed>" roles="tomcat"/>
  <user username="both" password="<must-be-changed>" roles="tomcat,role1"/>
  <user username="role1" password="<must-be-changed>" roles="role1"/>
-->
          <role rolename="manager-gui"/>
          <role rolename="manager-script"/>
          <role rolename="manager-jmx"/>
          <role rolename="manager-status"/>
          <role rolename="admin-gui"/>
          <user username="tomcat" password="Redhat123" roles="manager-gui,manager-script,manager-jmx,manager-status,admin-gui"/>
</tomcat-users>
                                                                                                     62,15         Bot
